[ {
  "uid" : "5914202cce4f694b",
  "name" : "创建设备",
  "time" : {
    "start" : 1639710573920,
    "stop" : 1639710573954,
    "duration" : 34
  },
  "status" : "passed",
  "severity" : "normal"
}, {
  "uid" : "c43a5528ad818c8f",
  "name" : "登录测试",
  "time" : {
    "start" : 1639710574826,
    "stop" : 1639710574984,
    "duration" : 158
  },
  "status" : "passed",
  "severity" : "normal"
}, {
  "uid" : "db6b184e5c7f988b",
  "name" : "登录测试",
  "time" : {
    "start" : 1639710574654,
    "stop" : 1639710574822,
    "duration" : 168
  },
  "status" : "passed",
  "severity" : "normal"
}, {
  "uid" : "da988e9b0bd3eb78",
  "name" : "test_find_PowerCountGroupStatus[caseinfo0]",
  "time" : {
    "start" : 1639710575731,
    "stop" : 1639710575758,
    "duration" : 27
  },
  "status" : "passed",
  "severity" : "normal"
}, {
  "uid" : "9316b2ec95d8a1e2",
  "name" : "删除命令",
  "time" : {
    "start" : 1639710573709,
    "stop" : 1639710573747,
    "duration" : 38
  },
  "status" : "passed",
  "severity" : "normal"
}, {
  "uid" : "3bdcd65586629267",
  "name" : "登录测试",
  "time" : {
    "start" : 1639710574987,
    "stop" : 1639710575146,
    "duration" : 159
  },
  "status" : "passed",
  "severity" : "normal"
}, {
  "uid" : "ed6716c22da74031",
  "name" : "删除设备",
  "time" : {
    "start" : 1639710574415,
    "stop" : 1639710574448,
    "duration" : 33
  },
  "status" : "passed",
  "severity" : "normal"
}, {
  "uid" : "7fbb177e3dbba395",
  "name" : "创建命令",
  "time" : {
    "start" : 1639710573251,
    "stop" : 1639710573296,
    "duration" : 45
  },
  "status" : "passed",
  "severity" : "normal"
}, {
  "uid" : "1d7da673e28f814",
  "name" : "test_find_powerbyid[caseinfo0]",
  "time" : {
    "start" : 1639710575528,
    "stop" : 1639710575560,
    "duration" : 32
  },
  "status" : "passed",
  "severity" : "normal"
}, {
  "uid" : "ff3032e60ba18c0",
  "name" : "查询设备",
  "time" : {
    "start" : 1639710574152,
    "stop" : 1639710574237,
    "duration" : 85
  },
  "status" : "passed",
  "severity" : "normal"
}, {
  "uid" : "cb62a77774ba37ef",
  "name" : "删除设备",
  "time" : {
    "start" : 1639710574621,
    "stop" : 1639710574651,
    "duration" : 30
  },
  "status" : "passed",
  "severity" : "normal"
}, {
  "uid" : "647edb6ed8d7dd46",
  "name" : "test_find_allpower[caseinfo0]",
  "time" : {
    "start" : 1639710575318,
    "stop" : 1639710575354,
    "duration" : 36
  },
  "status" : "passed",
  "severity" : "normal"
}, {
  "uid" : "bd8887d095460790",
  "name" : "查询命令",
  "time" : {
    "start" : 1639710573472,
    "stop" : 1639710573533,
    "duration" : 61
  },
  "status" : "passed",
  "severity" : "normal"
} ]