{
  "05c84fb056a539627166203a198b7b21" : {
    "statistic" : {
      "failed" : 0,
      "broken" : 0,
      "skipped" : 0,
      "passed" : 1,
      "unknown" : 0,
      "total" : 1
    },
    "items" : [ {
      "uid" : "cb62a77774ba37ef",
      "status" : "passed",
      "time" : {
        "start" : 1639710574621,
        "stop" : 1639710574651,
        "duration" : 30
      }
    } ]
  },
  "90fe2ba4ef249b2c51ba0910b2bc7e5e" : {
    "statistic" : {
      "failed" : 0,
      "broken" : 0,
      "skipped" : 0,
      "passed" : 1,
      "unknown" : 0,
      "total" : 1
    },
    "items" : [ {
      "uid" : "7fbb177e3dbba395",
      "status" : "passed",
      "time" : {
        "start" : 1639710573251,
        "stop" : 1639710573296,
        "duration" : 45
      }
    } ]
  },
  "ae0d0b8e41cbcc3fab56ebe07c966483" : {
    "statistic" : {
      "failed" : 0,
      "broken" : 0,
      "skipped" : 0,
      "passed" : 1,
      "unknown" : 0,
      "total" : 1
    },
    "items" : [ {
      "uid" : "da988e9b0bd3eb78",
      "status" : "passed",
      "time" : {
        "start" : 1639710575731,
        "stop" : 1639710575758,
        "duration" : 27
      }
    } ]
  },
  "fd32f7776600306094298f3eed05f470" : {
    "statistic" : {
      "failed" : 0,
      "broken" : 0,
      "skipped" : 0,
      "passed" : 1,
      "unknown" : 0,
      "total" : 1
    },
    "items" : [ {
      "uid" : "bd8887d095460790",
      "status" : "passed",
      "time" : {
        "start" : 1639710573472,
        "stop" : 1639710573533,
        "duration" : 61
      }
    } ]
  },
  "202c795c9a01355395f4779ce155d039" : {
    "statistic" : {
      "failed" : 0,
      "broken" : 0,
      "skipped" : 0,
      "passed" : 1,
      "unknown" : 0,
      "total" : 1
    },
    "items" : [ {
      "uid" : "c43a5528ad818c8f",
      "status" : "passed",
      "time" : {
        "start" : 1639710574826,
        "stop" : 1639710574984,
        "duration" : 158
      }
    } ]
  },
  "b9ed9d8fc8334428dcdd1848ea84ab8e" : {
    "statistic" : {
      "failed" : 0,
      "broken" : 0,
      "skipped" : 0,
      "passed" : 1,
      "unknown" : 0,
      "total" : 1
    },
    "items" : [ {
      "uid" : "ff3032e60ba18c0",
      "status" : "passed",
      "time" : {
        "start" : 1639710574152,
        "stop" : 1639710574237,
        "duration" : 85
      }
    } ]
  },
  "1b1978fe17b188926ccf115569b2665e" : {
    "statistic" : {
      "failed" : 0,
      "broken" : 0,
      "skipped" : 0,
      "passed" : 1,
      "unknown" : 0,
      "total" : 1
    },
    "items" : [ {
      "uid" : "9316b2ec95d8a1e2",
      "status" : "passed",
      "time" : {
        "start" : 1639710573709,
        "stop" : 1639710573747,
        "duration" : 38
      }
    } ]
  },
  "4997552f3407f882f4611f7c524a4b9e" : {
    "statistic" : {
      "failed" : 0,
      "broken" : 0,
      "skipped" : 0,
      "passed" : 1,
      "unknown" : 0,
      "total" : 1
    },
    "items" : [ {
      "uid" : "3bdcd65586629267",
      "status" : "passed",
      "time" : {
        "start" : 1639710574987,
        "stop" : 1639710575146,
        "duration" : 159
      }
    } ]
  },
  "006c155f7340fde1a25fff4b5ed214c2" : {
    "statistic" : {
      "failed" : 0,
      "broken" : 0,
      "skipped" : 0,
      "passed" : 1,
      "unknown" : 0,
      "total" : 1
    },
    "items" : [ {
      "uid" : "db6b184e5c7f988b",
      "status" : "passed",
      "time" : {
        "start" : 1639710574654,
        "stop" : 1639710574822,
        "duration" : 168
      }
    } ]
  },
  "adab1c3552cbb4c84e77e77fb9521be3" : {
    "statistic" : {
      "failed" : 0,
      "broken" : 0,
      "skipped" : 0,
      "passed" : 1,
      "unknown" : 0,
      "total" : 1
    },
    "items" : [ {
      "uid" : "5914202cce4f694b",
      "status" : "passed",
      "time" : {
        "start" : 1639710573920,
        "stop" : 1639710573954,
        "duration" : 34
      }
    } ]
  },
  "ddc9f367eaf10f79871cc93045df47eb" : {
    "statistic" : {
      "failed" : 0,
      "broken" : 0,
      "skipped" : 0,
      "passed" : 1,
      "unknown" : 0,
      "total" : 1
    },
    "items" : [ {
      "uid" : "ed6716c22da74031",
      "status" : "passed",
      "time" : {
        "start" : 1639710574415,
        "stop" : 1639710574448,
        "duration" : 33
      }
    } ]
  },
  "c20114b0893fd48d15bdb5a3122bfce8" : {
    "statistic" : {
      "failed" : 0,
      "broken" : 0,
      "skipped" : 0,
      "passed" : 1,
      "unknown" : 0,
      "total" : 1
    },
    "items" : [ {
      "uid" : "1d7da673e28f814",
      "status" : "passed",
      "time" : {
        "start" : 1639710575528,
        "stop" : 1639710575560,
        "duration" : 32
      }
    } ]
  },
  "7afe170c552124d80ac4871057f94db4" : {
    "statistic" : {
      "failed" : 0,
      "broken" : 0,
      "skipped" : 0,
      "passed" : 1,
      "unknown" : 0,
      "total" : 1
    },
    "items" : [ {
      "uid" : "647edb6ed8d7dd46",
      "status" : "passed",
      "time" : {
        "start" : 1639710575318,
        "stop" : 1639710575354,
        "duration" : 36
      }
    } ]
  }
}