{
  "uid" : "83edc06c07f9ae9e47eb6dd1b683e4e2",
  "name" : "packages",
  "children" : [ {
    "name" : "interface_test",
    "children" : [ {
      "name" : "test_command",
      "children" : [ {
        "name" : "创建命令",
        "uid" : "7fbb177e3dbba395",
        "parentUid" : "7d008597839673f5aa2e172bc3c58cc0",
        "status" : "passed",
        "time" : {
          "start" : 1639710573251,
          "stop" : 1639710573296,
          "duration" : 45
        },
        "flaky" : false,
        "parameters" : [ "{'name': '命令添加', 'request': {'methond': 'post', 'url': 'http://10.0.10.131/interface/command', 'data': {'commandName': 'test', 'commandType': 3, 'handleId': 2, 'id': '', 'readData': '[{\"name\":\"temp\",\"type\":\"short\"}]', 'send': 'address=11,quantity=4'}}, 'validate': {'code': 0, 'msg': '添加命令成功'}}" ]
      }, {
        "name" : "查询命令",
        "uid" : "bd8887d095460790",
        "parentUid" : "7d008597839673f5aa2e172bc3c58cc0",
        "status" : "passed",
        "time" : {
          "start" : 1639710573472,
          "stop" : 1639710573533,
          "duration" : 61
        },
        "flaky" : false,
        "parameters" : [ "{'name': '分页查询命令', 'request': {'methond': 'get', 'url': 'http://10.0.10.131/interface/command/findCommandPage/1/10', 'data': 'None'}, 'validate': {'code': 0, 'msg': '分页查询成功'}}" ]
      }, {
        "name" : "删除命令",
        "uid" : "9316b2ec95d8a1e2",
        "parentUid" : "7d008597839673f5aa2e172bc3c58cc0",
        "status" : "passed",
        "time" : {
          "start" : 1639710573709,
          "stop" : 1639710573747,
          "duration" : 38
        },
        "flaky" : false,
        "parameters" : [ "{'name': '命令删除', 'request': {'methond': 'delete', 'url': 'http://10.0.10.131/interface/command/$id', 'data': 'None'}, 'validate': {'code': 0, 'msg': '删除命令成功'}}" ]
      } ],
      "uid" : "7d008597839673f5aa2e172bc3c58cc0"
    }, {
      "name" : "test_device",
      "children" : [ {
        "name" : "创建设备",
        "uid" : "5914202cce4f694b",
        "parentUid" : "39112ec2269cdda1895a1336a7e3fa4e",
        "status" : "passed",
        "time" : {
          "start" : 1639710573920,
          "stop" : 1639710573954,
          "duration" : 34
        },
        "flaky" : false,
        "parameters" : [ "{'name': 'MQTT采集设备添加', 'request': {'methond': 'post', 'url': 'http://10.0.10.131/interface/device', 'data': {'MPPTAccessRoadArray': [], 'PVAccessRoadArray': [], 'choseItem': '', 'choseItemArray': [], 'collect': '1', 'collectDeviceId': None, 'collectType': '', 'commands': [], 'deviceCode': '', 'deviceName': 'MQTT采集器test20211201', 'deviceType': 'collect', 'id': '', 'meterAddress': '', 'mpptType': '', 'parentId': None, 'powerId': '170', 'protocolType': 'MQTT', 'showStringInfoFlag': False, 'slave': '', 'strs': {}}}, 'validate': {'code': 0, 'msg': '添加设备成功'}}" ]
      }, {
        "name" : "查询设备",
        "uid" : "ff3032e60ba18c0",
        "parentUid" : "39112ec2269cdda1895a1336a7e3fa4e",
        "status" : "passed",
        "time" : {
          "start" : 1639710574152,
          "stop" : 1639710574237,
          "duration" : 85
        },
        "flaky" : false,
        "parameters" : [ "{'name': '查询电站下设备信息', 'request': {'methond': 'get', 'url': 'http://10.0.10.131/interface/device/findDevicePageByPowerId/1/9', 'data': {'deviceName': None, 'deviceCode': None, 'deviceType': None, 'powerId': 170}}, 'validate': {'code': 0, 'msg': '查询成功'}}" ]
      }, {
        "name" : "删除设备",
        "uid" : "ed6716c22da74031",
        "parentUid" : "39112ec2269cdda1895a1336a7e3fa4e",
        "status" : "passed",
        "time" : {
          "start" : 1639710574415,
          "stop" : 1639710574448,
          "duration" : 33
        },
        "flaky" : false,
        "parameters" : [ "{'name': '删除设备', 'request': {'methond': 'delete', 'url': 'http://10.0.10.131/interface/device/$id', 'data': 'None'}, 'validate': {'code': 0, 'msg': '删除设备成功'}}" ]
      }, {
        "name" : "删除设备",
        "uid" : "cb62a77774ba37ef",
        "parentUid" : "39112ec2269cdda1895a1336a7e3fa4e",
        "status" : "passed",
        "time" : {
          "start" : 1639710574621,
          "stop" : 1639710574651,
          "duration" : 30
        },
        "flaky" : false,
        "parameters" : [ "{'name': '删除设备不存在', 'request': {'methond': 'delete', 'url': 'http://10.0.10.131/interface/device/$id_null', 'data': 'None'}, 'validate': {'code': 1401, 'msg': '查询不到改设备'}}" ]
      } ],
      "uid" : "39112ec2269cdda1895a1336a7e3fa4e"
    }, {
      "name" : "test_login",
      "children" : [ {
        "name" : "登录测试",
        "uid" : "db6b184e5c7f988b",
        "parentUid" : "3c2ce60cd81bc9c7f40ca23af285dc49",
        "status" : "passed",
        "time" : {
          "start" : 1639710574654,
          "stop" : 1639710574822,
          "duration" : 168
        },
        "flaky" : false,
        "parameters" : [ "{'name': '正常登录', 'request': {'methond': 'post', 'url': 'http://10.0.10.131/login?username=admin&password=1qaz!QAZ', 'data': {'password': '1qaz!QAZ', 'username': 'admin'}}, 'validate': {'code': 0, 'msg': '认证成功'}}" ]
      }, {
        "name" : "登录测试",
        "uid" : "c43a5528ad818c8f",
        "parentUid" : "3c2ce60cd81bc9c7f40ca23af285dc49",
        "status" : "passed",
        "time" : {
          "start" : 1639710574826,
          "stop" : 1639710574984,
          "duration" : 158
        },
        "flaky" : false,
        "parameters" : [ "{'name': '密码错误', 'request': {'methond': 'post', 'url': 'http://10.0.10.131/login?username=admin&password=1qaz!QA', 'data': {'password': '1qaz!QA', 'username': 'admin'}}, 'validate': {'code': -1, 'msg': '认证失败'}}" ]
      }, {
        "name" : "登录测试",
        "uid" : "3bdcd65586629267",
        "parentUid" : "3c2ce60cd81bc9c7f40ca23af285dc49",
        "status" : "passed",
        "time" : {
          "start" : 1639710574987,
          "stop" : 1639710575146,
          "duration" : 159
        },
        "flaky" : false,
        "parameters" : [ "{'name': '用户不存在', 'request': {'methond': 'post', 'url': 'http://10.0.10.131/login?username=aaa&password=1qaz!QA', 'data': {'password': '1qaz!QA', 'username': 'aaa'}}, 'validate': {'code': -1, 'msg': '认证失败'}}" ]
      } ],
      "uid" : "3c2ce60cd81bc9c7f40ca23af285dc49"
    }, {
      "name" : "test_power",
      "children" : [ {
        "name" : "test_find_allpower[caseinfo0]",
        "uid" : "647edb6ed8d7dd46",
        "parentUid" : "a79b5cfc411e8efa9229201ff5e17b37",
        "status" : "passed",
        "time" : {
          "start" : 1639710575318,
          "stop" : 1639710575354,
          "duration" : 36
        },
        "flaky" : false,
        "parameters" : [ "{'name': '查询所有电站', 'request': {'methond': 'get', 'url': 'http://10.0.10.131/interface/power/findPowerAll', 'data': 'None'}, 'validate': {'code': 0}}" ]
      }, {
        "name" : "test_find_powerbyid[caseinfo0]",
        "uid" : "1d7da673e28f814",
        "parentUid" : "a79b5cfc411e8efa9229201ff5e17b37",
        "status" : "passed",
        "time" : {
          "start" : 1639710575528,
          "stop" : 1639710575560,
          "duration" : 32
        },
        "flaky" : false,
        "parameters" : [ "{'name': '根据id查询电站', 'request': {'methond': 'get', 'url': 'http://10.0.10.131/interface/power/findById/$id', 'data': 'None'}, 'validate': {'code': 0}}" ]
      }, {
        "name" : "test_find_PowerCountGroupStatus[caseinfo0]",
        "uid" : "da988e9b0bd3eb78",
        "parentUid" : "a79b5cfc411e8efa9229201ff5e17b37",
        "status" : "passed",
        "time" : {
          "start" : 1639710575731,
          "stop" : 1639710575758,
          "duration" : 27
        },
        "flaky" : false,
        "parameters" : [ "{'name': '查询当前用户的正常和故障电站个数', 'request': {'methond': 'get', 'url': 'http://10.0.10.131/interface/power/findPowerCountGroupStatus', 'data': 'None'}, 'validate': {'code': 0}}" ]
      } ],
      "uid" : "a79b5cfc411e8efa9229201ff5e17b37"
    } ],
    "uid" : "9f95d1b7618f1c6974cba5d108d87231"
  } ]
}