"Status","Start Time","Stop Time","Duration in ms","Parent Suite","Suite","Sub Suite","Test Class","Test Method","Name","Description"
"passed","Fri Dec 17 11:09:33 CST 2021","Fri Dec 17 11:09:33 CST 2021","34","interface_test","test_device","TestDevice","","","创建设备",""
"passed","Fri Dec 17 11:09:34 CST 2021","Fri Dec 17 11:09:34 CST 2021","158","interface_test","test_login","TestLongi","","","登录测试",""
"passed","Fri Dec 17 11:09:34 CST 2021","Fri Dec 17 11:09:34 CST 2021","168","interface_test","test_login","TestLongi","","","登录测试",""
"passed","Fri Dec 17 11:09:35 CST 2021","Fri Dec 17 11:09:35 CST 2021","27","interface_test","test_power","TestPower","","","test_find_PowerCountGroupStatus[caseinfo0]",""
"passed","Fri Dec 17 11:09:33 CST 2021","Fri Dec 17 11:09:33 CST 2021","38","interface_test","test_command","TestCommand","","","删除命令",""
"passed","Fri Dec 17 11:09:34 CST 2021","Fri Dec 17 11:09:35 CST 2021","159","interface_test","test_login","TestLongi","","","登录测试",""
"passed","Fri Dec 17 11:09:34 CST 2021","Fri Dec 17 11:09:34 CST 2021","33","interface_test","test_device","TestDevice","","","删除设备",""
"passed","Fri Dec 17 11:09:33 CST 2021","Fri Dec 17 11:09:33 CST 2021","45","interface_test","test_command","TestCommand","","","创建命令",""
"passed","Fri Dec 17 11:09:35 CST 2021","Fri Dec 17 11:09:35 CST 2021","32","interface_test","test_power","TestPower","","","test_find_powerbyid[caseinfo0]",""
"passed","Fri Dec 17 11:09:34 CST 2021","Fri Dec 17 11:09:34 CST 2021","85","interface_test","test_device","TestDevice","","","查询设备",""
"passed","Fri Dec 17 11:09:34 CST 2021","Fri Dec 17 11:09:34 CST 2021","30","interface_test","test_device","TestDevice","","","删除设备",""
"passed","Fri Dec 17 11:09:35 CST 2021","Fri Dec 17 11:09:35 CST 2021","36","interface_test","test_power","TestPower","","","test_find_allpower[caseinfo0]",""
"passed","Fri Dec 17 11:09:33 CST 2021","Fri Dec 17 11:09:33 CST 2021","61","interface_test","test_command","TestCommand","","","查询命令",""
